<?xml version="1.0" encoding="utf-8" standalone="yes"?>
<rss version="2.0" xmlns:atom="http://www.w3.org/2005/Atom">
  <channel>
    <title>Categories</title>
    <link>https://www.hsbi.de/elearning/data/FH-Bielefeld/lm_data/lm_1603207/categories.html</link>
    <description></description>
    <generator>Hugo</generator>
    <language>de-DE</language>
    <atom:link href="https://www.hsbi.de/elearning/data/FH-Bielefeld/lm_data/lm_1603207/categories/index.xml" rel="self" type="application/rss+xml" />
  </channel>
</rss>